: 1_Inflectional_morphology - I01 [noun - plural_reg]
album albums
application applications
area areas
car cars
college colleges
council councils
customer customers
day days
death deaths
department departments
development developments
difference differences
director directors
event events
example examples
fact facts
friend friends
god gods
government governments
hour hours
idea ideas
language languages
law laws
member members
month months
night nights
office offices
period periods
player players
population populations
problem problems
product products
resource resources
river rivers
road roads
role roles
science sciences
solution solutions
song songs
street streets
student students
system systems
thing things
town towns
user users
version versions
village villages
website websites
week weeks
year years
: 1_Inflectional_morphology - I02 [noun - plural_irreg]
ability abilities
academy academies
activity activities
agency agencies
analysis analyses
army armies
authority authorities
basis bases
business businesses
category categories
century centuries
child children
city cities
community communities
country countries
county counties
datum data
duty duties
economy economies
energy energies
entry entries
facility facilities
family families
formula formulae
history histories
industry industries
library libraries
life lives
loss losses
majority majorities
memory memories
opportunity opportunities
policy policies
property properties
responsibility responsibilities
safety safeties
secretary secretaries
security securities
series series
society societies
species species
story stories
strategy strategies
success successes
technology technologies
theory theories
university universities
variety varieties
wife wives
woman women
: 1_Inflectional_morphology - I03 [adj - comparative]
angry angrier
cheap cheaper
clever cleverer
coarse coarser
costly costlier
cute cuter
dense denser
dumb dumber
fierce fiercer
handy handier
happy happier
hardy hardier
harsh harsher
healthy healthier
hot hotter
huge huger
hungry hungrier
lazy lazier
lengthy lengthier
lucky luckier
mad madder
merry merrier
mild milder
moist moister
nasty nastier
neat neater
nice nicer
noisy noisier
proud prouder
pure purer
risky riskier
rocky rockier
rude ruder
sad sadder
scary scarier
sexy sexier
sticky stickier
strict stricter
strong stronger
subtle subtler
sunny sunnier
tasty tastier
tiny tinier
tricky trickier
ugly uglier
vague vaguer
vast vaster
weak weaker
wealthy wealthier
weird weirder
: 1_Inflectional_morphology - I04 [adj - superlative]
able ablest
angry angriest
cheap cheapest
clever cleverest
costly costliest
cruel cruelest
cute cutest
dense densest
dumb dumbest
fierce fiercest
handy handiest
happy happiest
hardy hardiest
harsh harshest
healthy healthiest
hot hottest
huge hugest
hungry hungriest
lazy laziest
lengthy lengthiest
lucky luckiest
merry merriest
mild mildest
nasty nastiest
neat neatest
nice nicest
noisy noisiest
polite politest
proud proudest
pure purest
rare rarest
risky riskiest
rude rudest
sad saddest
scary scariest
sexy sexiest
shiny shiniest
strange strangest
strict strictest
strong strongest
subtle subtlest
sunny sunniest
tasty tastiest
tiny tiniest
tricky trickiest
ugly ugliest
vague vaguest
weak weakest
wealthy wealthiest
weird weirdest
: 1_Inflectional_morphology - I05 [verb_inf - 3pSg]
accept accepts
achieve achieves
add adds
agree agrees
allow allows
appear appears
apply applies
ask asks
avoid avoids
become becomes
believe believes
consider considers
consist consists
contain contains
continue continues
create creates
describe describes
develop develops
enable enables
enjoy enjoys
ensure ensures
exist exists
explain explains
follow follows
happen happens
hear hears
identify identifies
improve improves
include includes
involve involves
learn learns
maintain maintains
occur occurs
operate operates
prevent prevents
promote promotes
protect protects
provide provides
receive receives
reduce reduces
refer refers
remain remains
remember remembers
represent represents
require requires
seem seems
send sends
suggest suggests
tell tells
understand understands
: 1_Inflectional_morphology - I06 [verb_inf - Ving]
achieve achieving
add adding
allow allowing
appear appearing
apply applying
ask asking
attend attending
avoid avoiding
become becoming
believe believing
consider considering
contain containing
continue continuing
create creating
develop developing
encourage encouraging
enjoy enjoying
ensure ensuring
establish establishing
exist existing
expect expecting
follow following
happen happening
identify identifying
improve improving
include including
involve involving
learn learning
lose losing
maintain maintaining
manage managing
operate operating
perform performing
prevent preventing
promote promoting
protect protecting
provide providing
receive receiving
reduce reducing
refer referring
remain remaining
remember remembering
represent representing
require requiring
seem seeming
sit sitting
spend spending
teach teaching
tell telling
understand understanding
: 1_Inflectional_morphology - I07 [verb_inf - Ved]
accept accepted
achieve achieved
add added
agree agreed
allow allowed
announce announced
appear appeared
apply applied
ask asked
attend attended
become became
believe believed
consider considered
continue continued
create created
decide decided
describe described
develop developed
discover discovered
enjoy enjoyed
ensure ensured
establish established
expect expected
follow followed
hear heard
identify identified
improve improved
include included
introduce introduced
involve involved
locate located
lose lost
manage managed
marry married
perform performed
provide provided
publish published
receive received
reduce reduced
refer referred
relate related
remain remained
replace replaced
require required
seem seemed
send sent
spend spent
tell told
understand understood
unite united
: 1_Inflectional_morphology - I08 [verb_Ving - 3pSg]
adding adds
advertising advertises
allowing allows
appearing appears
applying applies
asking asks
becoming becomes
believing believes
considering considers
consisting consists
containing contains
continuing continues
creating creates
depending depends
describing describes
developing develops
discovering discovers
enabling enables
existing exists
explaining explains
following follows
happening happens
hearing hears
improving improves
including includes
involving involves
learning learns
losing loses
managing manages
occurring occurs
operating operates
performing performs
promoting promotes
providing provides
publishing publishes
receiving receives
reducing reduces
referring refers
relating relates
remaining remains
representing represents
requiring requires
seeming seems
sitting sits
spending spends
suggesting suggests
teaching teaches
telling tells
thanking thanks
understanding understands
: 1_Inflectional_morphology - I09 [verb_Ving - Ved]
adding added
agreeing agreed
allowing allowed
announcing announced
appearing appeared
applying applied
appointing appointed
asking asked
attending attended
becoming became
considering considered
containing contained
continuing continued
creating created
deciding decided
describing described
developing developed
establishing established
existing existed
expecting expected
failing failed
following followed
hearing heard
improving improved
including included
introducing introduced
involving involved
locating located
losing lost
managing managed
marrying married
operating operated
performing performed
proposing proposed
providing provided
publishing published
receiving received
reducing reduced
relating related
remaining remained
replacing replaced
representing represented
requiring required
sending sent
spending spent
suffering suffered
teaching taught
telling told
understanding understood
uniting united
: 1_Inflectional_morphology - I10 [verb_3pSg - Ved]
adds added
agrees agreed
allows allowed
announces announced
appears appeared
applies applied
appoints appointed
asks asked
becomes became
believes believed
considers considered
consists consisted
contains contained
continues continued
creates created
decides decided
describes described
develops developed
establishes established
expects expected
fails failed
follows followed
happens happened
hears heard
includes included
intends intended
introduces introduced
involves involved
locates located
loses lost
manages managed
marries married
occurs occurred
operates operated
performs performed
proposes proposed
provides provided
publishes published
receives received
refers referred
relates related
remains remained
replaces replaced
represents represented
requires required
seems seemed
sends sent
spends spent
suggests suggested
tells told
: 2_Derivational_morphology - D01 [noun+less_reg]
arm armless
art artless
bone boneless
breath breathless
carbon carbonless
child childless
collar collarless
death deathless
defence defenceless/defenseless
effort effortless
ego egoless
emotion emotionless
error errorless
expression expressionless
faith faithless
friction frictionless
friend friendless
gender genderless
goal goalless
god godless
guile guileless
guilt guiltless
hair hairless
heart heartless
heir heirless
home homeless
law lawless
leg legless
life lifeless/liveless
luck luckless
meat meatless
mirth mirthless
money moneyless
odor odorless/odourless
passion passionless
path pathless
penny penniless
remorse remorseless
ruth ruthless
sensor sensorless
sleeve sleeveless
soul soulless
speech speechless
spine spineless
tact tactless
talent talentless
thought thoughtless
tooth toothless
window windowless
wit witless
: 2_Derivational_morphology - D02 [un+adj_reg]
able unable
acceptable unacceptable
affected unaffected
authorized unauthorized/unauthorised
available unavailable
avoidable unavoidable
aware unaware
believable unbelievable
biased unbiased
certain uncertain
changed unchanged
comfortable uncomfortable
conditional unconditional
conscious unconscious
controlled uncontrolled
desirable undesirable
employed unemployed
expected unexpected
finished unfinished
forgettable unforgettable
fortunate unfortunate
happy unhappy
healthy unhealthy
identified unidentified
intended unintended
interrupted uninterrupted
known unknown
lawful unlawful
lucky unlucky
noticed unnoticed
paid unpaid
pleasant unpleasant
popular unpopular
predictable unpredictable
published unpublished
realistic unrealistic
reasonable unreasonable
related unrelated
reliable unreliable
resolved unresolved
restricted unrestricted
satisfactory unsatisfactory
specified unspecified
successful unsuccessful
suitable unsuitable
sustainable unsustainable
used unused
usual unusual
veiled unveiled
wanted unwanted
: 2_Derivational_morphology - D03 [adj+ly_reg]
according accordingly
actual actually
additional additionally
apparent apparently
beautiful beautifully
clinical clinically
creative creatively
critical critically
cultural culturally
decided decidedly
different differently
digital digitally
effective effectively
environmental environmentally
extensive extensively
famous famously
federal federally
financial financially
global globally
historical historically
huge hugely
immediate immediately
important importantly
increasing increasingly
interesting interestingly
internal internally
international internationally
legal legally
mental mentally
nice nicely
obvious obviously
physical physically
political politically
popular popularly
practical practically
previous previously
rare rarely
regional regionally
serious seriously
sexual sexually
significant significantly
similar similarly
strong strongly
subsequent subsequently
successful successfully
traditional traditionally
typical typically
unique uniquely
virtual virtually
visual visually
: 2_Derivational_morphology - D04 [over+adj_reg]
ambitious overambitious/over-ambitious
arching overarching/over-arching
booked overbooked/over-booked
charged overcharged/over-charged
compensated overcompensated/over-compensated
confident overconfident/over-confident
cooked overcooked/over-cooked
crowded overcrowded/over-crowded
developed overdeveloped/over-developed
done overdone/over-done
dressed overdressed/over-dressed
enthusiastic overenthusiastic/over-enthusiastic
excited overexcited/over-excited
exposed overexposed/over-exposed
filled overfilled/over-filled
grown overgrown/over-grown
heard overheard/over-heard
heated overheated/over-heated
inflated overinflated/over-inflated
laid overlaid/over-laid
loaded overloaded/over-loaded
optimistic overoptimistic/over-optimistic
paid overpaid/over-paid
painted overpainted/over-painted
played overplayed/over-played
populated overpopulated/over-populated
powered overpowered/over-powered
protected overprotected/over-protected
protective overprotective/over-protective
qualified overqualified/over-qualified
represented overrepresented/over-represented
saturated oversaturated/over-saturated
shadowed overshadowed/over-shadowed
simplified oversimplified/over-simplified
sized oversized/over-sized
sold oversold/over-sold
spent overspent/over-spent
stated overstated/over-stated
stimulated overstimulated/over-stimulated
stocked overstocked/over-stocked
strained overstrained/over-strained
stressed overstressed/over-stressed
stretched overstretched/over-stretched
subscribed oversubscribed/over-subscribed
taken overtaken/over-taken
thrown overthrown/over-thrown
turned overturned/over-turned
used overused/over-used
written overwritten/over-written
zealous overzealous/over-zealous
: 2_Derivational_morphology - D05 [adj+ness_reg]
amazing amazingness
attractive attractiveness
aware awareness
broken brokenness
careful carefulness
cheap cheapness
competitive competitiveness
connected connectedness
conscious consciousness
creative creativeness
dangerous dangerousness
devoted devotedness
directed directedness
distinct distinctness
distinctive distinctiveness
effective effectiveness
extensive extensiveness
fixed fixedness
foreign foreignness
happy happiness
helpful helpfulness
hidden hiddenness
hot hotness
huge hugeness
impressive impressiveness
innovative innovativeness
interesting interestingness
mad madness
marked markedness
massive massiveness
nice niceness
obvious obviousness
odd oddness
prepared preparedness
pure pureness
random randomness
rare rareness
reasonable reasonableness
related relatedness
righteous righteousness
sacred sacredness
sad sadness
same sameness
serious seriousness
situated situatedness
strange strangeness
unique uniqueness
useful usefulness
vast vastness
weak weakness
: 2_Derivational_morphology - D06 [re+verb_reg]
acquire reacquire
adjust readjust
appear reappear
apply reapply
appoint reappoint
arrange rearrange
assess reassess
assign reassign
assure reassure
calculate recalculate
cognize recognize
commend recommend
configure reconfigure
confirm reconfirm
connect reconnect
consider reconsider
create recreate
decorate redecorate
deem redeem
define redefine
develop redevelop
discover rediscover
distribute redistribute
emerge reemerge
engage reengage
establish reestablish
evaluate reevaluate
examine reexamine
generate regenerate
grow regrow
install reinstall
integrate reintegrate
interpret reinterpret
introduce reintroduce
invest reinvest
investigate reinvestigate
learn relearn
locate relocate
marry remarry
negotiate renegotiate
occur reoccur
organize reorganize/reorganise
publish republish
send resend
solve resolve
submit resubmit
tell retell
unite reunite
upload reupload
write rewrite
: 2_Derivational_morphology - D07 [verb+able_reg]
accept acceptable
achieve achieveable
adapt adaptable
adjust adjustable
admire admirable
adore adorable
advise advisable
afford affordable
avoid avoidable
believe believeable/believable
consider considerable
contain containable
define definable
deliver deliverable
discover discoverable
dispose disposable
download downloadable
edit editable
enjoy enjoyable
execute executable
expand expandable
expect expectable
explain explainable
extend extendable
foresee foreseeable
identify identifiable
imagine imaginable
improve improvable
inflate inflatable
learn learnable
maintain maintainable
manage manageable
observe observable
perform performable
predict predictable
prefer preferable
prevent preventable
protect protectable
publish publishable
recognize recognizable/recognisable
recommend recommendable
rely reliable
renew renewable
replace replaceable
represent representable
survive survivable
sustain sustainable
understand understandable
vary variable
write writeable/writable
: 2_Derivational_morphology - D08 [verb+er_irreg]
achieve achiever
advertise advertiser
announce announcer
bake baker
begin beginner
believe believer
borrow borrower
choreograph choreographer
compose composer
consume consumer
contend contender
defend defender
deliver deliverer
destroy destroyer
determine determiner
develop developer
discover discoverer
eat eater
entertain entertainer
examine examiner
explore explorer
follow follower
interpret interpreter
intrude intruder
learn learner
listen listener
lose loser
manage manager
molest molester
mourn mourner
observe observer
offend offender
organise organiser
organize organizer
perform performer
preach preacher
promote promoter
provide provider
publish publisher
receive receiver
recommend recommender
send sender
skydive skydiver
slay slayer
speak speaker
subscribe subscriber
suffer sufferer
teach teacher
tell teller
write writer
: 2_Derivational_morphology - D09 [verb+tion_irreg]
accuse accusation
admire admiration
allege allegation
aspire aspiration
authorize authorization/authorisation
characterize characterization/characterisation
civilize civilization/civilisation
colonize colonization
compile compilation
compute computation
condense condensation
configure configuration
consult consulation
continue continuation
customize customization
declare declaration
degrade degradation
deprive deprivation
derive derivation
determine determination
examine examination
expire expiration
explore exploration
globalize globalization/globalisation
illumine illumination
imagine imagination
improvize improvization/improvisation
inspire inspiration
install installation/instalation
maximize maximization/maximisation
minimize minimization/minimisation
modernize modernization/modernisation
oblige obligation
observe observation
occupy occupation
optimize optimization/optimisation
organize organization
perspire perspiration
prepare preparation
privatize privatization/privatisation
randomize randomization/randomisation
realize realization/realisation
reorganize reorganization/reorganisation
restore restoration
specialize specialization/specialisation
stabilize stabilization
standardize standardization/standardisation
starve starvation
utilize utilization/utilisation
visualize visualization
: 2_Derivational_morphology - D10 [verb+ment_irreg]
accomplish accomplishment
achieve achievement
acknowledge acknowledgement
adjust adjustment
advertise advertisement/advertizement
agree agreement
align alignment
amend amendment
amuse amusement
announce announcement
appoint appointment
arrange arrangement
assess assessment
assign assignment
commit commitment
detach detachment
develop development
disagree disagreement
disappoint disappointment
displace displacement
embarrass embarrassment
encourage encouragement
endorse endorsement
enforce enforcement
engage engagement
enhance enhancement
enjoy enjoyment
enlighten enlightenment
enroll enrollment/enrolment
entertain entertainment
entitle entitlement
equip equipment
establish establishment
excite excitement
fulfil fulfilment
fulfill fulfillment
harass harassment
impair impairment
improve improvement
infringe infringement
invest investment
involve involvement
manage management
punish punishment
redevelop redevelopment
reimburse reimbursement
reinforce reinforcement
replace replacement
require requirement
resent resentment
: 3_Encyclopedic_semantics - E01 [country - capital]
abuja nigeria
amman jordan
ankara turkey
athens greece
baghdad iraq
bangkok thailand
beijing china
beirut lebanon
belgrade serbia
berlin germany
bern switzerland
brussels belgium
bucharest romania
budapest hungary
cairo egypt
canberra australia
conakry guinea
copenhagen denmark
damascus syria
dhaka bangladesh
dublin ireland
hanoi vietnam
havana cuba
helsinki finland
islamabad pakistan
jakarta indonesia
kabul afghanistan
kiev ukraine
kingston jamaica
lima peru
lisbon portugal
london england/uk/britain
madrid spain
manila philippines
moscow russia
nairobi kenya
oslo norway
ottawa canada
paris france
rome italy
santiago chile
sofia bulgaria
stockholm sweden
taipei taiwan
tbilisi georgia
tehran iran
tokyo japan
vienna austria
warsaw poland
zagreb croatia
: 3_Encyclopedic_semantics - E02 [country - language]
andorra catalan
argentina spanish
australia english
austria german
bahamas english
bangladesh bengali/bangla
barbados english
belize english
bolivia spanish
brazil portuguese
cambodia khmer
canada english/french
chile spanish
colombia spanish
cuba spanish
cyprus greek/turkish
denmark danish/faroese/greenlandic/german
ecuador spanish/quechua
egypt arabic
ethiopia amharic
fiji english
guadeloupe french
guam english/chamorro
guatemala spanish
guyana english
haiti creole/french
iran persian
iraq arabic/kurdish
ireland english/irish/gaelic
israel hebrew/arabic
jamaica english/creole
jordan arabic
kazakhstan kazak/qazaq/russian
kosovo albanian/serbian
kuwait arabic
mexico spanish/nahuatl
moldova moldovan/romanian
morocco berber/arabic
mozambique portuguese
netherlands dutch/frisian
nicaragua spanish
norway norwegian/bokmål/bokmal/nynorsk
palestine arabic
peru spanish
philippines tagalog/filipino
switzerland german/french/italian
syria arabic
taiwan chinese
usa english
venezuela spanish
: 3_Encyclopedic_semantics - E03 [UK_city - county]
aberdeen aberdeenshire
bath somerset
belfast antrim
birmingham midlands
bradford yorkshire
brighton sussex
cambridge cambridgeshire
canterbury kent
cardiff glamorgan
carlisle cumbria
chester cheshire
chichester sussex
coventry midlands
crawley sussex
derby derbyshire
dundee lowlands
edinburgh lowlands
ely cambridgeshire
exeter devon
glasgow lowlands
gloucester gloucestershire
hereford herefordshire
hull yorkshire
inverness highlands
lancaster lancashire
leeds yorkshire
leicester midlands
lincoln lincolnshire
liverpool lancashire
newcastle northumberland
newport gwent
norwich norfolk
nottingham nottinghamshire
oxford oxfordshire
plymouth devon
portsmouth hampshire
preston lancashire
reading berkshire
salford manchester
salisbury wiltshire
sheffield yorkshire
southampton hampshire
stirling stirlingshire
swansea glamorgan
wakefield yorkshire
wells somerset
winchester hampshire
wolverhampton midlands
worcester worcestershire
york yorkshire
: 3_Encyclopedic_semantics - E04 [name - nationality]
aristotle greek
balzac french
beethoven german
caesar roman
confucius chinese
copernicus polish
darwin english/british
depp american
descartes french
dickens english/british
dostoyevsky russian
edison american
einstein jewish/german/american
euclid greek
fermi italian
galilei italian
gorbachev soviet/russian
hawking english/british
hegel german
hitler german/austrian
homer greek
hume scottish/british
jolie american
kant german
kepler german
lavoisier french
leibniz german
lenin soviet/russian
lennon english/british
lincoln american
locke english/british
machiavelli italian
marx german
maxwell scottish/british
mencius chinese
michelangelo italian
mozart german/austrian
napoleon french/corsican/italian
newton english/british
pascal french
plato greek
raphael italian
rousseau french
spinoza dutch
stalin soviet/georgian
strauss austrian
tchaikovsky russian
tolstoi russian
truman american
wagner german
: 3_Encyclopedic_semantics - E05 [name - occupation]
andersen writer/poet/author
aristotle philosopher
balzac novelist/writer
beethoven composer
caesar emperor/commander/leader
columbus explorer
confucius philosopher
dante poet
darwin naturalist/biologist/geologist
depp actor/producer/musician
descartes mathematician/philosopher
dickens novelist/writer/critic/author
edison inventor/businessman
einstein physicist/scientist
euler mathematician/physicist/astronomer/logician/engineer
goethe poet/playwright/novelist/writer/author
hawking physicist/scientist
haydn composer
hegel philosopher
hitler dictator/politician/nazi
hume philosopher/politician
jolie actress/filmmaker/director/humanitarian/activist
kant philosopher
kepler mathematician/physicist/astronomer/astrologer
lincoln president
locke philosopher
marx philosopher/communist
maxwell physicist/scientist
mencius philosopher
michelangelo sculptor/painter/architect/artist/poet/engineer
moses prophet/leader
mozart composer
napoleon emperor/leader/politician/commander
newton scientist/mathematician/psysicist/philosopher
pacino actor/director/filmmaker
pascal mathematician/philosopher
picasso painter/artist/sculptor/designer
plato philosopher
raphael painter/artist/architect
rembrandt painter/etcher/artist
rousseau writer/author/philosopher
schwarzenegger actor/politician/governor
shakespeare playwright/poet
spinoza philosopher
stalin dictator/politician/leader/statesman
strauss composer
tolstoi novelist/writer/philosopher
truman president
wagner composer
wittgenstein philosopher
: 3_Encyclopedic_semantics - E06 [animal - young]
ape baby/infant
badger kit/cob
bear cub
beaver kit/kitten
bee larva
beetle larva
buffalo calf
butterfly larva/pupa/caterpillar/chrysalis
camel calf/colt
cat kitten
cattle calf/heifer
chimpanzee baby/infant
cicada nymph
cockroach nymph
cricket larva
deer fawn
dog puppy/pup/whelp
duck duckling
elephant calf
ferret kit
fish fingerling/spawn/egg/larva/fry/minnmow
fly grub/maggot
fox cub/pup/puppy/whelp
goat kid
goldfish fingerling/fry
gorilla infant
herring fingerling/fry
horse foal/colt/filly
insect larva
lion cub
mink kit/cub
monkey infant
muskrat kit
ox calf/stot
panda cub
pig piglet/shoat/farrow
rabbit bunny
raccoon kit/cub
salmon smolt
seal pup
shark cub/pup
sheep lamb/lambkin/cosset
skunk kit/kitten
snake hatchling/nestling
tiger cub
trout fingerling
weasel kit
whale calf
wolf cub/pup/puppy/whelp
woodchuck kit/cob
: 3_Encyclopedic_semantics - E07 [animal - sound]
alpaca bray
bear growl
bee buzz/hum
beetle drone
cat meow/meu/purr/caterwaul
cattle moo/bellow/low
chicken cluck/crow/cock-a-doodle-doo
chimpanzee scream
cicada buzz
coyote howl
cricket chirp
crow caw
deer bellow
dog bark/growl/howl/yelp/whine/arf/bow_wow/woof
donkey bray/hee-haw
duck quack
elephant trumpet
elk bellow
ferret dook
fly buzz
fox howl/yelp
frog ribbit/croak
goat bleat
gorilla grunt/scream
hornet buzz
horse neigh/snort/whinny
hound bark/howl/bay
hyena laugh
leopard growl
lion roar/growl
magpie chatter
mallard quack
monkey chatter/gibber/howl/scream
moose bellow
mouse squeak
mule bray/hee-haw
pig oink/grunt/gruff/squeal
pigeon coo
rat squeak
raven caw
seal bark
sheep baa/bleat
snake hiss
songbird chirrup/chirp/tweet/sing/warble/twitter
tiger growl/roar
toad ribbit/croak
turkey gobble
wasp buzz
whale sing
wolf howl
: 3_Encyclopedic_semantics - E08 [animal - shelter]
ant anthill/insectarium/terrarium/formicarium
ape grove/tree/cage
baboon grove/tree/cage
bat cave/cage
bear den/cage
beaver dam/river/pen
bee hive
cattle barn/coral
chimpanzee grove/tree/cage
chinchilla nest/cage
cockroach nest
cricket nest
crocodile river/lake/pool
crow nest/cage
dog doghouse/home/den/kennel
dolphin sea/sanctuary
duck pond/nest
fish sea/lake/river/acquarium/farm/sanctuary
fly nest
fox den/cage
goldfish pond/bowl/aquarium/sanctuary
gorilla grove/tree/cage
hamster nest/cage
hedgehog nest/hedge/pen
herring sea/sanctuary
hippopotamus river/lake/pen
hornet nest
horse stable/range/paddock/corral
insect nest/cage/box
lion den/cage/savannah
locust nest
mallard nest/pond
mole hole/nest
monkey tree/grove/cage
mouse nest/cage
pig sty/pigsty/pen/pigpen
rabbit burrow/warren/hutch/cage
rat nest/cage
raven nest/cage
scorpion nest/aquarium/terrarium
seal den/aquarium/sea
snake nest/pit/acquarium
spider web/acquarium/terrarium
termite hill/terrarium
tiger den/cage
trout river/lake/sanctuary/aquarium/pond/tank
wasp nest
whale sea/sanctuary
wolf den/cage
woodchuck hole
: 3_Encyclopedic_semantics - E09 [things - color]
ant black/brown/red
apple red/orange/yellow/golden
blackboard black/green
blood red
blueberry blue/black
broccoli green
bruise blue/purple
cabbage green
carrot orange/red/yellow
cauliflower white/green/yellow/yellowish
celery green/white/brown
cherry red/yellow/black
chocolate white/brown/black
cloud white/gray/grey
coal black
coffee black/brown
cranberry red/purple/pink
cream white
crow black
cucumber green
emerald green
fridge white/silver/black
frog green/brown/grey/gray
grapes black/red/green/purple
grass green
leaves green/red/yellow
milk white
paper white/color
parsley green
peony red/white/pink/purple
pepper black/red/green/yellow/orange
potato brown
radish red/pink/white/green/black
raven black
rose red/yellow/pink/white/blue
ruby red
salt white
sapphire blue
sea blue/green/gray/grey
sky blue/gray/grey
snow white
soil black/brown/dark
spinach green
sugar white/brown
sun yellow/gold
swan white/black/gray/grey
tea black/green/white/red/brown/yellow
tomato red
toothpaste white
yoghurt white/pink
: 3_Encyclopedic_semantics - E10 [male - female]
actor actress
batman batwoman
boar sow
boy girl
brother sister
buck doe
bull cow
businessman businesswoman
chairman chairwoman
dad mom/mum
daddy mommy/mother/mom
duke duchess
emperor empress
father mother
fisherman fisherwoman
fox vixen
gentleman lady/gentlewoman/madam
god goddess
grandfather grandmother
grandpa grandma
grandson granddaughter
groom bride
headmaster headmistress
heir heiress
hero heroine
hound bitch
husband wife
king queen
lion lioness
man woman
manager manageress
mister miss/missis/missus/mis'ess/mrs/ms/madam
murderer murderess
nephew niece
poet poetess
policeman policewoman
prince princess
ram ewe
rooster hen
sculptor sculptress
sir madam
son daughter
stallion mare
stepfather stepmother
superman superwoman
tiger tigress
uncle aunt
valet maid/maidservant/housemaid/chambermaid/handmaid/handmaiden/parlormaid/parlourmaid
waiter waitress
webmaster webmistress
: 4_Lexicographic_semantics - L01 [hypernyms - animals]
allosaurus dinosaur/reptile/bird/archosaur/archosaurian/archosaurian_reptile/
anaconda snake/reptile/boa/serpent/ophidian
ant insect/invertebrate/creature/beast/hymenopteran/being/animal/organism/fauna/arthropod/hymenopterous_insect/animate_being/physical_hymenopteron/physical_entity/hymenopter/living_thing
beaver rodent/vertebrate/creature/beast/animal/organism/fauna/placental/chordate/eutherian/mammal/mammalian/eutherian_mammal/gnawer/animate_being/living_thing/placental_mammal/craniate/
bee insect/invertebrate/creature/beast/hymenopteran/being/animal/insect/organism/fauna/arthropod/hymenopterous_insect/animate_being/hymenopteron/hymenopter/living_thing
beetle insect/invertebrate/creature/beast/being/animal/insect/organism/fauna/arthropod/animate_being/living_thing
buffalo bovid/mammal/bison/cow/vertebrate/creature/ungulate/beast/being/animal/organism/fauna/placental/artiodactyl/ruminant/chordate/eutherian/mammalian/bovine/animate_being/eutherian_mammal/placental_mammal/craniate/physical_hoofed_mammal/physical_entity/even-toed_ungulate/artiodactyl_mammal/living_thing
butterfly insect/creature/beast/lepidopteran/animal/organism/fauna/arthropod/lepidopterous_insect/lepidopteron/animate_being/living_thing
cat feline/beast/animal/organism/fauna/placental/carnivore/chordate/felid/eutherian/mammal/mammalian/eutherian_mammal/animate_being/placental_mammal/craniate/
chicken fowl/bird/vertebrate/poultry/creature/beast/being/animal/organism/fauna/poultry/chordate/domestic_fowl/animate_being/gallinaceous_bird/craniate/gallinacean/living_thing
chimpanzee primate/vertebrate/creature/beast/being/animal/organism/fauna/placental/hominid/chordate/eutherian/mammal/ape/mammalian/animate_being/eutherian_mammal/placental_mammal/craniate/physical_physical_entity/living_thing
chinchilla rodent/vertebrate/creature/beast/animal/organism/fauna/placental/chordate/eutherian/mammal/mammalian/eutherian_mammal/gnawer/animate_being/living_thing/placental_mammal/craniate/
cobra snake/reptile/elapid/elapid_snake/serpent/ophidian
cockroach insect/invertebrate/creature/beast/dictyopterous_insect/being/animal/organism/fauna/arthropod/animate_being/physical_entity/living_thing
cow bovid/mammal/cattle/vertebrate/creature/ungulate/beast/being/animal/organism/fauna/placental/artiodactyl/ruminant/chordate/eutherian/mammalian/animate_being/eutherian_mammal/placental_mammal/craniate/physical_hoofed_mammal/physical_entity/even-toed_ungulate/artiodactyl_mammal/living_thing
coyote canine/vertebrate/creature/beast/canid/being/animal/organism/fauna/placental/carnivore/chordate/eutherian/mammal/mammalian/animate_being/eutherian_mammal/locomote/placental_mammal/craniate/domesticated_animal/physical_entity/domestic_animal/living_thing
deer bovid/mammal/vertebrate/creature/ungulate/beast/being/animal/organism/fauna/placental/artiodactyl/ruminant/chordate/eutherian/mammalian/bovine/animate_being/eutherian_mammal/placental_mammal/craniate/physical_hoofed_mammal/physical_entity/even-toed_ungulate/artiodactyl_mammal/living_thing
dog canine/vertebrate/creature/beast/canid/being/animal/organism/fauna/placental/carnivore/chordate/eutherian/mammal/mammalian/animate_being/eutherian_mammal/locomote/placental_mammal/craniate/domesticated_animal/physical_entity/domestic_animal/living_thing
duck fowl/bird/vertebrate/poultry/creature/beast/being/animal/organism/fauna/poultry/chordate/domestic_fowl/waterfowl/water_fowl/animate_being/anseriform_bird/craniate/living_thing
eagle raptor/bird/vertebrate/creature/beast/being/animal/organism/fauna/chordate/animate_being/craniate/iving_thing/raptorial_bird/bird_of_prey/
falcon raptor/bird/vertebrate/creature/beast/being/animal/organism/fauna/chordate/animate_being/craniate/living_thing/raptorial_bird/bird_of_prey/
fox canine/vertebrate/creature/beast/canid/being/animal/organism/fauna/placental/carnivore/chordate/eutherian/mammal/mammalian/animate_being/eutherian_mammal/locomote/placental_mammal/craniate/domesticated_animal/physical_entity/domestic_animal/living_thing
gibbon primate/vertebrate/creature/beast/being/animal/organism/fauna/placental/chordate/eutherian/mammal/ape/mammalian/animate_being/eutherian_mammal/placental_mammal/craniate/physical_physical_entity/living_thing
goat bovid/mammal/vertebrate/ungulate/beast/being/animal/organism/fauna/placental/artiodactyl/chordate/eutherian/mammalian/animate_being/eutherian_mammal/placental_mammal/craniate/hoofed_mammal/even-toed_ungulate/artiodactyl_mammal/living_thing
goose fowl/bird/vertebrate/poultry/creature/beast/being/animal/organism/fauna/poultry/chordate/domestic_fowl/waterfowl/water_fowl/animate_being/anseriform_bird/craniate/living_thing
gorilla primate/vertebrate/creature/beast/being/animal/organism/fauna/placental/hominid/chordate/eutherian/mammal/ape/mammalian/animate_being/eutherian_mammal/placental_mammal/craniate/physical_physical_entity/living_thing
hawk raptor/bird/vertebrate/creature/beast/being/animal/organism/fauna/chordate/animate_being/craniate/living_thing/raptorial_bird/bird_of_prey/
human primate/vertebrate/creature/beast/being/animal/organism/fauna/placental/hominid/chordate/eutherian/mammal/ape/mammalian/animate_being/eutherian_mammal/placental_mammal/craniate/physical_physical_entity/living_thing
jackal canine/vertebrate/creature/beast/canid/being/animal/organism/fauna/placental/carnivore/chordate/eutherian/mammal/mammalian/animate_being/eutherian_mammal/locomote/placental_mammal/craniate/domesticated_animal/physical_entity/domestic_animal/living_thing
jaguar feline/cat/beast/animal/organism/fauna/placental/carnivore/chordate/felid/eutherian/mammal/mammalian/eutherian_mammal/animate_being/placental_mammal/craniate/big_cat
leopard feline/cat/beast/animal/organism/fauna/placental/carnivore/causal_agent/chordate/felid/eutherian/mammal/mammalian/eutherian_mammal/animate_being/placental_mammal/craniate/big_cat
lion feline/cat/beast/animal/organism/fauna/placental/carnivore/chordate/felid/eutherian/mammal/mammalian/eutherian_mammal/animate_being/placental_mammal/craniate/big_cat
mamba snake/reptile/elapid/elapid_snake/serpent/ophidian
mouse rodent/vertebrate/creature/beast/animal/organism/fauna/placental/chordate/eutherian/mammal/mammalian/eutherian_mammal/gnawer/animate_being/living_thing/placental_mammal/craniate/
orangutan primate/vertebrate/creature/beast/being/animal/organism/fauna/placental/hominid/chordate/eutherian/mammal/ape/mammalian/animate_being/eutherian_mammal/placental_mammal/craniate/physical_physical_entity/living_thing
owl raptor/bird/vertebrate/creature/beast/being/animal/organism/fauna/chordate/animate_being/craniate/living_thing/raptorial_bird/bird_of_prey/
pony bovid/mammal/horse/vertebrate/creature/beast/animal/organism/fauna/placental/eutherian/mammal/equine/mammalian/equid/living_thing/odd-toed_ungulate/animate_being/eutherian_mammal/perissodactyl/placental_mammal/craniate/hoofed_mammal/physical_entity/perissodactyl_mammal/equus_caballus
porcupine rodent/vertebrate/creature/beast/animal/organism/fauna/placental/chordate/eutherian/mammal/mammalian/eutherian_mammal/gnawer/animate_being/living_thing/placental_mammal/craniate/
quail fowl/bird/vertebrate/poultry/creature/beast/being/animal/organism/fauna/poultry/chordate/wild_fowl/wildfowl/animate_being/gallinaceous_bird/craniate/gallinacean/living_thing
rattlesnake snake/reptile/pit_viper/serpent/ophidian
squirrel rodent/vertebrate/creature/beast/animal/organism/fauna/placental/chordate/eutherian/mammal/mammalian/eutherian_mammal/gnawer/animate_being/living_thing/placental_mammal/craniate/
stegosaurus dinosaur/reptile/armored_dinosaur/archosaur/archosaurian/archosaurian_reptile/
tiger feline/cat/beast/animal/organism/fauna/placental/carnivore/chordate/felid/eutherian/mammal/mammalian/eutherian_mammal/animate_being/placental_mammal/craniate/big_cat
triceratops dinosaur/reptile/ceratopsian/horned_dinosaur/archosaur/archosaurian/archosaurian_reptile/
turkey fowl/bird/vertebrate/poultry/creature/beast/being/animal/organism/fauna/poultry/chordate/domestic_fowl/animate_being/gallinaceous_bird/craniate/gallinacean/living_thing
tyrannosaurus dinosaur/reptile/theropod/theropod_dinosaur/bird-footed_dinosaur/archosaur/archosaurian/archosaurian_reptile/
velociraptor dinosaur/reptile/maniraptor/archosaur/archosaurian/archosaurian_reptile/
viper snake/reptile/snake/serpent/ophidian
vulture raptor/bird/vertebrate/creature/beast/being/animal/organism/fauna/chordate/animate_being/craniate/living_thing/raptorial_bird/bird_of_prey/
wolf canine/vertebrate/creature/beast/canid/being/animal/organism/fauna/placental/carnivore/chordate/eutherian/mammal/mammalian/animate_being/eutherian_mammal/locomote/placental_mammal/craniate/domesticated_animal/physical_entity/domestic_animal/living_thing
: 4_Lexicographic_semantics - L02 [hypernyms - misc]
armchair chair/seat/piece_of_furniture/article_of_furniture/furnishing/artifact/artefact/unit/object/physical_object/physical_entity/entity
blender appliance/mixer/kitchen_utensil/utensil/implement/artifact/artefact/unit/object/physical_object/physical_entity/entity
bracelet jewelry/band/strip/slip/artifact/artefact/unit/object/physical_object/physical_entity/entity/jewellery/adornment/decoration/ornament/ornamentation/artifact/artefact/unit/object/physical_object/physical_entity/entity
brooch jewelry/jewellery/adornment/decoration/ornament/ornamentation/artifact/artefact/unit/object/physical_object/
cake dessert/baked_goods/food/solid_food/course/nutriment/nourishment/nutrition/sustenance/aliment/alimentation/victuals/food/nutrient/substance/matter/physical_entity/entity
computer device/machine/gadget/artifact/artefact/unit/object/physical_object/physical_entity/entity/expert/person/individual/someone/somebody/mortal/soul/causal_agent/cause/causal_agency/organism/being/physical_entity/living_thing/animate_thing/entity/unit/object/physical_object/
croissant pastry/bun/roll/bread/breadstuff/staff_of_life/baked_goods/starches/food/solid_food/foodstuff/food_product/solid/food/nutrient/matter/substance/physical_entity/entity
cup tableware/crockery/dishware/ware/article/artifact/artefact/unit/object/physical_object/physical_entity/entity/container
denim fabric/cloth/material/textile/artifact/artefact/unit/object/physical_object/physical_entity/entity/garment/clothing/article_of_clothing/vesture/wear/wearable/habiliment/consumer_goods/covering/commodity/trade_good/good/artifact/artefact/unit/object/physical_object/physical_entity/entity
deodorant toiletry/toilet_articles/artifact/artefact/unit/object/physical_object/physical_entity/entity
desk furniture/table/piece_of_furniture/article_of_furniture/furnishing/artifact/artefact/unit/object/physical_object/physical_entity/entity
diary journal/writing/written_material/piece_of_writing/written_communication/written_language/black_and_white/communication/abstraction/abstract_entity/entity/journal/book/volume/product/production/creation/artifact/artefact/unit/object/physical_object/physical_entity/entity
dishwasher appliance/machine/entity/unit/object/physical_object/white_goods/home_appliance/household_appliance/durables/durable_goods/consumer_durables/consumer_goods/commodity/trade_good/good/artifact/artefact/unit/object/physical_object/physical_entity/entity
dress clothes/garment/clothing/article_of_clothing/vesture/wear/wearable/habiliment/consumer_goods/covering/commodity/trade_good/good/artifact/artefact/unit/object/physical_object/physical_entity/entity/
fridge appliance/icebox/white_goods/home_appliance/household_appliance/appliance/durables/durable_goods/consumer_durables/consumer_goods/commodity/trade_good/good/artifact/artefact/unit/object/physical_object/physical_entity/entity
gasoline fuel/hydrocarbon/substance/organic_compound/matter/compound/chemical_compound/physical_entity/chemical/chemical_substance/entity/material/stuff/substance/part/portion/component_part/component/constituent/relation/abstraction/abstract_entity
grapefruit citrus/citrus_fruit/citrous_fruit/fruit/edible_fruit/fruit/produce/green_goods/green_groceries/garden_truck/food/matter/natural_object/physical_entity/unit/entity/object/physical_object
hairnet net/network/mesh/meshing/meshwork/fabric/cloth/material/textile/artifact/artefact/unit/object/physical_object/physical_entity/entity
hairpin pin/fastener/fastening/holdfast/fixing/restraint/constraint/device/artifact/artefact/unit/object/physical_object/physical_entity/entity
hamburger sandwich/snack_food/dish/nutriment/nourishment/nutrition/sustenance/aliment/alimentation/victuals/food/nutrient/substance/matter/physical_entity/entity/beef/boeuf/meat/food/solid_food/solid/matter/physical_entity/entity
jacket clothes/coat/overgarment/outer_garment/garment/clothing/article_of_clothing/vesture/wear/wearable/habiliment/consumer_goods/covering/commodity/trade_good/good/artifact/artefact/unit/object/physical_object/physical_entity/entity/
jeans trousers/pants/workwear/garment/clothing/clothes/article_of_clothing/vesture/wear/wearable/habiliment/consumer_goods/covering/commodity/trade_good/good/artifact/artefact/unit/object/physical_object/physical_entity/entity/
juicer utensil/physical_entity/entity/unit/object/physical_object/squeezer/kitchen_utensil/implement/artifact/artefact/unit/object/physical_object/physical_entity/entity
lemon citrus/citrus_fruit/citrous_fruit/fruit/edible_fruit/fruit/produce/green_goods/green_groceries/garden_truck/food/matter/natural_object/physical_entity/unit/entity/object/physical_object
lotion toiletry/toilet_articles/artifact/artefact/unit/object/physical_object/physical_entity/entity/
mascara makeup/make-up/war_paint/cosmetic/toiletry/toilet_articles/artifact/artefact/unit/object/physical_object/physical_entity/entity
necklace jewelry/jewellery/adornment/decoration/ornament/ornamentation/artifact/artefact/unit/object/physical_object/physical_entity/entity
notebook book/volume/product/production/creation/artifact/artefact/unit/object/physical_object/physical_entity/entity/portable_computer/personal_computer/pc/microcomputer/digital_computer/computer/computing_machine/computing_device/data_processor/electronic_computer/information_processing_system/machine/device/artifact/artefact/unit/object/physical_object/physical_entity/entity
notepad pad/pad_of_paper/tablet/paper/material/stuff/substance/matter/part/portion/component_part/component/constituent/physical_entity/relation/entity/abstraction/abstract_entity
pastry food/dough/concoction/mixture/intermixture/foodstuff/food_product/food/nutrient/substance/matter/physical_entity/entity/baked_goods/solid_food/solid/matter/physical_entity/entity
peach fruit/drupe/stone_fruit/edible_fruit/fruit/produce/green_goods/green_groceries/garden_truck/food/matter/natural_object/physical_entity/unit/entity/object/physical_object
perfume toiletry/toilet_articles/artifact/artefact/unit/object/physical_object/physical_entity/entity
photo picture/image/representation/creation/artifact/artefact/unit/object/physical_object/physical_entity/entity
pie pastry/baked_goods/food/solid_food/solid/matter/physical_entity/entity/indo-european/indo-european_language/indo-hittite/natural_language/tongue/language/linguistic_communication/communication/abstraction/abstract_entity/entity
plum fruit/drupe/stone_fruit/edible_fruit/fruit/produce/green_goods/green_groceries/garden_truck/food/matter/natural_object/physical_entity/unit/entity/object/physical_object
postcard card/correspondence/first_class/1st_class/first-class_mail/1st-class_mail/written_communication/written_language/black_and_white/mail/communication/message/abstraction/abstract_entity/entity
shelf furniture/support/piece_of_furniture/article_of_furniture/furnishing/artifact/artefact/unit/object/physical_object/physical_entity/entity
shirt clothes/garment/clothing/garment/clothing/article_of_clothing/vesture/wear/wearable/habiliment/consumer_goods/covering/commodity/trade_good/good/artifact/artefact/unit/object/physical_object/physical_entity/entity/
sidewalk walk/walkway/paseo/path/way/artifact/artefact/unit/object/physical_object/physical_entity/entity
skirt clothes/garment/clothing/garment/clothing/article_of_clothing/vesture/wear/wearable/habiliment/consumer_goods/covering/commodity/trade_good/good/artifact/artefact/unit/object/physical_object/physical_entity/entity/
sofa furniture/seat/piece_of_furniture/article_of_furniture/furnishing/artifact/artefact/unit/object/physical_object/physical_entity/entity
stapler device/machine/artifact/artefact/unit/object/physical_object/physical_entity/entity
sunscreen cream/lotion/ointment/emollient/toiletry/toilet_articles/artifact/artefact/unit/object/physical_object/physical_entity/entity
sweater clothes/garment/clothing/article_of_clothing/vesture/wear/wearable/habiliment/consumer_goods/covering/commodity/trade_good/good/artifact/artefact/unit/object/physical_object/physical_entity/entity/
toaster appliance/entity/unit/object/physical_object/kitchen_appliance/home_appliance/household_appliance/durables/durable_goods/consumer_durables/consumer_goods/commodity/trade_good/good/artifact/artefact/unit/object/physical_object/physical_entity/entity
toothbrush brush/toiletry/toilet_articles/implement/artifact/artefact/unit/object/physical_object/physical_entity/entity/mustache/moustache/facial_hair/hair/body_covering/covering/natural_covering/cover/natural_object/unit/object/physical_object/physical_entity/entity
tub container/vessel/artifact/artefact/unit/object/physical_object/physical_entity/entity
tv device/machine/receiver/receiving_system/set/electronic_equipment/equipment/artifact/artefact/unit/object/physical_object/physical_entity/entity/broadcasting/telecommunication/telecom/medium/artifact/artefact/unit/object/physical_object/physical_entity/entity
vase jar/vessel/container/artifact/artefact/unit/object/physical_object/physical_entity/entity
wristband band/strip/slip/artifact/artefact/unit/object/physical_object/physical_entity/entity/band/strip/slip/artifact/artefact/unit/object/physical_object/physical_entity/entity
: 4_Lexicographic_semantics - L03 [hyponyms - misc]
backpack daypack/kitbag/kit_bag
bag pouch/backpack/knapsack/packsack/rucksack/haversack/beanbag/bladder/pouch/carryall/holdall/tote/tote/drawstring/dust/vacuum/envelope/gasbag/gamebag/golf/gunnysack/gunny/burlap/ice/mailbag/postbag/nosebag/feedbag/pannier/plastic/purse/ragbag/rosin/sachet/sack/poke/paper/carrier/saddlebag/sandbag/schoolbag/shopping/sick_bag/sickbag/skin/sleeping/sweat/tea/toilet/sponge/tool/tucker-bag
bed bunk/berth/built/built-in/bunk/cot/camp/couch/deathbed/double/four-poster/hammock/sack/marriage_bed/murphy/plank-bed/platform/sickbed/single_bed/sleigh/trundle/truckle/truckle/twin/water/semi-double/semidouble
boat ferry/ark/barge/flatboat/hoy/lighter/bumboat/canal_boat/narrow_boat/narrowboat/ferryboat/fireboat/gondola/guard_boat/gunboat/junk/longboat/lugger/mackinaw/mackinaw/mailboat/mail/packet/packet/motorboat/powerboat/pilot/police/punt/river_boat/scow/sea_boat/small_boat/steamboat/surfboat/tender_boat/pinnace/cutter_boat/tugboat/tug/towboat/tower_boat/motorboat/yacht/sail/row/canoe/kayak/paddle/paddle_boat
book paperback/album/folio/hardback/hardcover/journal/novel/order/paper-back/softback/soft-cover/picture/sketchbook/sketch/notebook
brush toothbrush/bottlebrush/bristle/clothesbrush/hairbrush/nailbrush/paintbrush/sable/scrub/scrubbing/scrubber/shaving_brush
burger hamburger/cheeseburger/50/50_burger/angus_burger/banquet_burger/barbecue_burger/bøfsandwich/utter_burge/buffalo_burger/california_burger/chili_burger/curry_burger/hamdog/salmon_burger/rice_burger/veggie_burger
camera camcorder/box_camera/box_kodak/candid_camera/digital_camera/flash_camera/motion-picture_camera/movie_camera/cine-camera/point-and-shoot_camera/point-and-shoot/polaroid_camera/polaroid_land_camera/polaroid/portrait_camera/reflex_camera/webcam/webcamera/sound_camera
candy lollipop/candy_bar/carob_bar/hard_candy/brandyball/patty/bonbon/brittle/toffee/toffy/butterscotch/candy_cane/candy_corn/caramel/cotton_candy/spun_sugar/candyfloss/dragee/fondant/fudge/gumdrop/honey_crisp/mint/mint_candy/horehound/jelly_bean/jelly_egg/kiss/candy_kiss/licorice/liquorice/life_saver/sucker/all-day_sucker/lozenge/marshmallow/marzipan/marchpane/nougat/nougat_bar/nut_bar/peanut_bar/popcorn_ball/praline/rock_candy/rock/sugar_candy/sugarplum/taffy/truffle/chocolate_truffle/turkish_delight/easter_egg
car limousine/convertible/ambulance/beach/wagon/station/estate/waggon/bus/jalopy/heap/cab/hack/taxi/taxicab/compact/coupe/cruiser/police/patrol/prowl/squad/electric/hardtop/hatchback/hot-rod/jeep/landrover/limo/loaner/minicar/minivan/model/pace/racer/race/racing/roadster/runabout/two-seater/sedan/saloon/sports/sport/sport/suv/stanley/steamer/stock/subcompact/touring/tourer/used/secondhand
church chapel/abbey/basilica/cathedral/duomo/kirk
citrus lemon/orange/lime/mandarin/tangerine/yuzu
cloud thundercloud/cirrocumulus/cirrocumulus/cirrostratus/cirrus/contrail/condensation/trail/cumulonimbus/cumulonimbus/cumulus/nacreous/nebule/nimbus/rain/storm/stratus/mushroom/smoke
collar choker/ruff/ruffle/clerical/roman_collar/dog_collar/eton_collar/rabato_collar/rebato_collar/turtleneck/polo-neck/neckpiece
color white/black/blue/green/red/yello/orange/vermilion/amber/chartreuse/teal/violet/magenta/rose/azure/cyan/indigo/purple/brown
computer laptop/desktop/tablet/smartphone/supercomputer/iphone/ipad
container bag/handbag/pocketbook/purse/basket/handbasket/bin/bowl/pipe/bowl/box/bread-bin/breadbox/bunker/can/tin/canister/cannister/capsule/cargo/case/display/showcase/vitrine/cassette/cup/cylinder/dice/cup/box/dish/dispenser/drawer/dumpster/empty/envelope/glass/bag/bottle/mailer/manger/trough/measure/mold/mould/cast/package/parcel/pan/pod/pot/flowerpot/flask/receptacle/reliquary/saltcellar/savings/bank/coin/money/bank/scuttle/coal/scuttle/shaker/spoon/thimble/capsule/vessel/basket/bin/waste-paper/wastebasket/waste/file/can/pot/workbasket/workbox/workbag
cookware pot/baster/chafing/dish/cooker/sheet/tray/enamelware/grid/gridiron/griddle/pan/poacher/skimmer/steamer/turner
cup teacup/beaker/chalice/goblet/coffee_cup/dixie/paper_cup/grace/kylix/cylix/mustache_cup/moustache_cup/scyphus/grail
cushion pincushion/pillow/air/inflatable/gaddi/hassock/headrest/pillow/seat
cutlery knife/fork/spoon/tablefork/teaspoon/dessert_spoon/salad_fork/carving_fork
dessert cake/ambrosia/baked_alaska/blancmange/charlotte/compote/fruit_compote/dumpling/flan/frozen_dessert/junket/mold/mould/mousse/pavlova/peach_melba/pudding/pud/pudding/syllabub/sillabub/tiramisu/whip/zabaglione/sabayon/charlotte_russe/apple_dumpling/frozen_custard/soft_ice_cream/frozen_pudding/frozen_yogurt/ice-cream_cake/icebox_cake/ice-cream_cone/ice-cream_sundae/sundae/ice/frappe/ice_cream/icecream/ice_lolly/lolly/lollipop/popsicle/ice_milk/parfait/sherbert/sherbet/snowball/snowball/split/chocolate_mousse/trifle/brown_betty/chocolate_pudding/duff/plum_duff/flummery/nesselrode/nesselrode_pudding/pease_pudding/plum_pudding/christmas_pudding/roly-poly/roly-poly_pudding/steamed_pudding/suet_pudding/tapioca_pudding/vanilla_pudding/prune_whip/water_ice/sorbet/chocolate_ice_cream/neapolitan_ice_cream/peach_ice_cream/strawberry_ice_cream/tutti-frutti/vanilla_ice_cream/banana_split/tipsy_cake/spotted_dick/choc-ice
dress gown/caftan/kaftan/chemise/sack/shift/coatdress/cocktail_dress/sheath/dirndl/gown/jumper/pinafore/pinny/kirtle/morning/evening/muumuu/polonaise/sari/saree/shirtdress/strapless/sundress
drum tambourine/bass_drum/gran_casa/bongo/bongo_drum/snare_drum/snare/side_drum/tabor/tabour/tambour/tenor_drum/tom-tom/timbrel/djembe/doumbek/darbuka
emotion anger/choler/ire/anxiety/conditioned_emotional_response/cer/conditioned_emotion/emotional_state/spirit/fear/fearfulness/fright/fear/reverence/awe/veneration/hate/hatred/joy/joyousness/joyfulness/love/annoyance/chafe/vexation/bad_temper/ill_temper/dander/hackles/fury/rage/madness/huffiness/indignation/outrage/infuriation/enragement/umbrage/offense/offence/angst/anxiousness/disquiet/concern/care/fear/discomfiture/discomposure/disconcertion/disconcertment/edginess/uneasiness/inquietude/disquietude/insecurity/jitteriness/jumpiness/nervousness/restiveness/scruple/qualm/misgiving/sinking/sinking_feeling/worry/trouble/ecstasy/rapture/transport/exaltation/raptus/embarrassment/gratification/satisfaction/happiness/felicity/state/unhappiness/alarm/dismay/consternation/apprehension/apprehensiveness/dread/creeps/frisson/shiver/chill/quiver/shudder/thrill/tingle/horror/hysteria/intimidation/panic/terror/affright/scare/panic_attack/stage_fright/timidity/timidness/timorousness/abhorrence/abomination/detestation/execration/loathing/odium/despisal/despising/hostility/enmity/ill_will/malevolence/malignity/misanthropy/misogamy/misogyny/misogynism/misology/misoneism/misopedia/murderousness/elation/high_spirits/lightness/exhilaration/excitement/exuberance/exultation/jubilance/jubilancy/jubilation/agape/agape/agape_love/amorousness/enamoredness/ardor/ardour/benevolence/devotion/devotedness/filial_love/heartstrings/lovingness/caring/loyalty/puppy_love/calf_love/crush/infatuation/worship/adoration/aggravation/exasperation/displeasure/frustration/harassment/torment/pique/temper/irritation/fit/tantrum/scene/conniption/irascibility/short_temper/spleen/quick_temper/lividity/wrath/dudgeon/high_dudgeon/willies/comfort/quality_of_life/blessedness/beatitude/beatification/radiance/embitterment/sadness/sorrow/sorrowfulness/chill/pall/foreboding/premonition/presentiment/boding/gloom/gloominess/somberness/sombreness/suspense/trepidation/swivet/cold_feet/diffidence/self-doubt/self-distrust/shyness/aggression/aggressiveness/animosity/animus/bad_blood/antagonism/belligerence/belligerency/class_feeling/resentment/bitterness/gall/rancor/rancour/maleficence/malice/maliciousness/spite/spitefulness/venom/vindictiveness/vengefulness/misocainea/euphoria/euphory/bang/boot/charge/rush/flush/thrill/kick/intoxication/titillation/triumph/beneficence/warmheartedness/warmth/nirvana/enlightenment/mourning/bereavement/poignance/poignancy/presage/shadow/hesitance/hesitancy/unassertiveness/warpath/envy/enviousness/grudge/score/grievance/heartburning/sulkiness/huffishness/covetousness/jealousy/green-eyed_monster/penis_envy
flask thermos/ampulla/canteen/erlenmeyer_flask/hipflask/pocket_flask/round-bottom_flask/vacuum_flask/vacuum_bottle/dewar_flask/dewar/thermos_bottle/thermos_flask
guitar ukulele/bass/bass_guitar/acoustic_guitar/cittern/cithern/cither/citole/gittern/electric_guitar/hawaiian/steel/uke
gun rifle/air/airgun/antiaircraft/flak/flack/pom-pom/ack-ack/breechloader/cannon/firearm/piece/small-arm/gas/minute/quaker/set/spring/whaling
jewel diamond/ruby/pearl/emerald/sapphire
jewelry bracelet/bead/bijou/bling/bling_bling/bangle/clip/cufflink/earring/jewel/gem/precious_stone/necklace/pin/ring/band/tie_clip/bugle/anklet/ankle_bracelet/armilla/pendant_earring/drop_earring/eardrop/crown_jewel/diamond/emerald/pearl/ruby/sapphire/solitaire/chain/chain/string/strand/choker/collar/dog_collar/neckband/brooch/broach/breastpin/scatter_pin/stickpin/tie_tack/tiepin/scarfpin/annulet/engagement_ring/mourning_ring/ringlet/signet_ring/seal_ring/wedding_ring/wedding_band/ice/sparkler/seed_pearl/sunburst
mixer blender/liquidizer/liquidiser/eggbeater/eggwhisk/electric/whisk
month january/february/march/april/may/june/july/august/september/october/november/december/jan/feb/mar/apr/jun/jul/aug/sep/oct/nov/dec
oven broiler/dutch_oven/gas_oven/rotisserie/tandoor
painting watercolor/abstraction/cityscape/daub/distemper/finger-painting/icon/ikon/landscape/miniature/illumination/monochrome/mural/wall/nude/nude_painting/oil/pentimento/sand/seascape/waterscape/semi-abstraction/still_life/tanka/water-color/watercolour/water-colour/fresco/graffitti
poem haiku/abecedarius/alcaic/alcaic_verse/ballad/lay/ballade/blank_verse/elegy/lament/epic_poem/heroic_poem/epic/epos/free_verse/vers_libre/lyric/lyric_poem/rondeau/rondel/sonnet/tanka/terza_rima/verse/rhyme/versicle
railway monorail/cable/funicular/cog/rack/elevated/el/overhead/metro/tube/underground/subway/rail
season spring/harvest/haying/fall/autumn/springtime/summer/summertime/winter/wintertime/rainy/dry/growing/seedtime/sheepshearing/holiday/high/peak/off-season/preseason/baseball/basketball/exhibition/concert/fishing/football/hockey/hunting/social/theatrical/whitsun/whitsuntide/whitweek
seat chair/bench/box/ottoman/pouf/pouffe/puff/hassock/sofa/couch/lounge/stool/toilet
shelf bookshelf/hob/mantel/mantelpiece/mantle/mantlepiece/chimneypiece/overmantel/berm
shirt polo/camise/dashiki/daishiki/dress/evening/hair/jersey/t-shirt/tee/kurta/sport/tank/work-shirt
shoes sneakers/anklet/baby_shoes/balmoral/blucher/bowling_shoes/brogan/brogue/clodhopper/work_shoes/calceus/chopine/platform_shoes/chukka/boots/cleats/congress_shoes/gaiters/flipper_shoes/fin_shoes/ghillie/gillie/gym_shoes/tennis_shoes/loafers/moccasins/mocassins/oxford_shoes/pump_shoes/running_shoes/sabot/wooden_shoes/sandals/slingbacks/sling_shoes/walker_shoes/walking_shoes/wedgie/wing_shoes/tip_shoes/stiletto/heeled
sofa divan/diwan/convertible_sofa/daybed/loveseat/settee/squab
song lullaby/religious_song/anthem/aria/ballad/lay/barcarole/barcarolle/ditty/dirge/coronach/lament/requiem/threnody/drinking_song/folk_song/folksong/folk_ballad/lied/love_song/love-song/cradlesong/berceuse/oldie/golden_oldie/partsong/prothalamion/prothalamium/roundelay/scolion/banquet_song/serenade/torch_song/work_song
spice pepper/allspice/ajwain/cumin/caraway_seed/cardamom/cassia/cayenne/celery_seeds/chile_pepper/chile/cinnamon/clove/coriander/dill/fennel/fenugreek/frankincense/galangal/garlic/ginger/horseradish/jalapeño/juniper/licorice/mace/mustard/nutmeg/onion/paprika/peppercorns/saffron/savory/sesame/anise/sumac/tabasco/tamarind/turmeric/five_spice_powder/ginger/powdered_ginger/chinese_anise/star_anise/star_aniseed
sweater turtleneck/cardigan/pullover/slipover/turtle/polo-neck
tool rake/abrader/abradant/bender/clincher/comb/cutting_implement/drill/eolith/fork/gang/garden_tool/lawn_tool/grapnel/grapple/grappler/grappling_hook/grappling_iron/hack/hand_tool/hoe/jack/jaws_of_life/neolith/paleolith/pestle/muller/pounder/plow/plough/power_tool/punch/puncher/ram/rounder/saw_set/shaping_tool/strickle/stylus/style/tamp/tamper/tamping_bar/tap/upset/swage
toy doll/ball/balloon/cockhorse/dolly/dollhouse/house/frisbee/hobby/hobbyhorse/rocking/horse/hula-hoop/jack-in-the-box/jungle/gym/jumping/jack/kaleidoscope/kite/lego/meccano/shooter/pinata/pinwheel/playhouse/wendy/pogo/stick/popgun/rattle/sandbox/sandpile/sandpit/seesaw/teeter/teeter-totter/teetertotter/teeterboard/tilting/board/dandle/slide/playground/sliding/slingshot/sling/catapult/stick/horse/swing/teddy/bear/top/whirligig/teetotum/spinning/train/water_pistol/gun/squirt/squirter/yo-yo
trousers jeans/bellbottom_trousers/bell-bottoms/bellbottom_pants/breeches/knee_breeches/knee_pants/knickerbockers/knickers/chino/churidars/cords/corduroys/flannel/gabardine/tweed/white/jean/blue_jean/denim/jodhpurs/jodhpur_breeches/riding_breeches/long_trousers/long_pants/pajama/pyjama/pantaloon/pedal_pusher/toreador_pants/salwar/shalwar/short_pants/shorts/trunks/slacks/stretch_pants/sweat_pants/sweatpants/trews/britches/buckskins/plus_fours/trunk_hose/levi's/levis/bermuda_shorts/jamaica_shorts/hot_pants/lederhosen
weapon gun/bow/bow/arrow/dart/knucks/knuckles/flamethrower/knife/missile/pike/projectile/slasher/sling/spear/lance/shaft/stun/baton/sword/blade/brand/steel/tomahawk/hatchet/fire
weekday monday/workday/working_day/work_day/feria/mon/tuesday/tues/wednesday/midweek/wed/thursday/th/friday/fri/saturday/sabbatum/sat
: 4_Lexicographic_semantics - L04 [meronyms - substance]
atmosphere gas/oxygen/hydrogen/nitrogen/ozone
bag leather/fabric/plastic
beach sand/silicon/rocks/pebbles/atomic_number_14/si
beard hair
body flesh/bones
boots leather/canvas
bottle glass/plastic
bowl glass/china/aluminium/wood/steel/plastic/clay
box cardboard/tin/boxwood/turkish_boxwood
bread flour/yeast/
bronze copper/tin/cu/atomic_number_29
candy sugar/nougat/chocolate/gelatin/molasses/syrup/honey/fruit/nuts
chocolate cocoa/bean/cacao/cacao_bean/cocoa_bean
clothing fabric/leather/
cloud vapor/water/vapour/water_vapour/water_vapor
cocktail alcohol/juice/water
concrete silicon/cement/water/sand/atomic_number_14/si
desk wood/metal/steel
diamond carbon
doorknob metal/steel/bronze/wood
flag fabric/paper
glacier ice/water/oxygen/hydrogen/h/h2o/atomic_number_8/atomic_number_1/o/water_ice
glass silicone
house bricks/cement/wood/clay
ice water/oxygen/hydrogen/water/h2o/atomic_number_1/atomic_number_8/h/o
icicle ice/water
jam fruit/sugar/berries
jeans fabric/denim
lawn grass
lens glass/plastic
mirror glass/bronze
money paper/metal/silver/gold/iron/copper/tin
ocean water
omelette eggs/egg/milk/cheese
pastry flour/egg/butter/filling
penny metal/alloy/bronze/nickel/zinc/copper/tin
pill medicine/drug
plastic polymer/oil/gas/coal
roof shingles/tiles/wood/metal
sea water
snow water/oxygen/hydrogen/flake/ice/snowflake/snowflakes/h2o/atomic_number_1/atomic_number_8/h/o
spoon aluminium/wood/steel
steel iron/pearlite/carbon/cementite/ferrite/iron_carbide/fe/atomic_number_26/alpha_iron
table wood/metal/plastic
wall cement/bricks/stones/rocks/wood/cardboard/board/plank/clay/mud
water oxygen/hydrogen/water/h2o/atomic_number_1/atomic_number_8/h/o
wig hair
wine grapes/grape
wire metal
yogurt milk
: 4_Lexicographic_semantics - L05 [meronyms - member]
acrobat troupe
antelope herd
bee swarm/hive/colony/drift/cast/nest/rabble/stand
bird flock
book library/shelf/collection/accounting/accounting_system/method_of_accounting
calf cattle/herd
car train/procession
cat clowder/glaring/clutter/pounce
cattle herd
christian congregation/church/parish
citizen citizenry/country/state
college university
county state/country
cow herd
crow murder
division company/business/platoon/battle_group
elephant herd
employee staff/company
fish school
flower bouquet/bunch
galaxy universe
goose gaggle
juror jury
kitten litter
letter alphabet
lion pride
listener audience
member club/team/group/band/community
musician orchestra/band
nomad horde
page book/notebook/website/web-site
parishioner parish/church
person society/company/party/world
photo album/collection/library
player team/group/orchestra
policeman police
secretary staff
senator senate/house
sheep flock
shrub shrubbery
singer choir/band/duo/trio/quartet
soldier army/unit/division/troop
song album/collection/antology/library
spouse couple/relationship/family
star constellation/galaxy
state country/province
student class/school
tree forest/wood/grove
wolf pack
word paragraph/sentence/text
: 4_Lexicographic_semantics - L06 [meronyms - part]
academia college/university/institute
apartment bedroom/room/bathroom/kitchen/kitchenette/living_room/pantry/toilet/shower_room
bird feathers/plume/preen/croup/calamus/fowl/drumstick/syrinx/bill/rump/vane/barb/quill/shaft/pecker/pennon/feet/giblets/alula/talon/foot/pinion/wing/wishbone/nib/sac/giblet/furcula/bird/neb/feather/gland/oyster/thigh/plumage/web/hindquarters/beak/parson's_nose/wishing_bone/pope's_nose/spurious_wing/bastard_wing/croupe/air_sac/quill_feather/uropygium/bird's_foot/uropygial/second_joint/uropygial_gland/preen_gland/flight_feather/dark_meat
brush bristle/hold/shank/grip/handgrip/handle/head/stem
bus seats/conductor/window/driver/roof
byte bit
car engine/armrest/headrest/grille/hinge/tailpipe/suspension/hood/horn/hooter/petrol/pintle/trunk/floorboard/bar/gas/buffer/door/stabilizer/seat/window/exhaust/tailfin/back/luggage/pedal/cowling/seatbelt/high/wing/gasoline/fin/cowl/silencer/gun/compartment/rear/radiator/accessory/sunroof/roof/lights/bumper/glove/bag/cushion/backrest/accelerator/fender/third/throttle/bonnet/air/gear/muffler/mirror/shock/reverse/anti-sway_bar/tail_fin/accelerator_pedal/car_seat/automobile_horn/anti-sway/automobile_engine/gasoline_engine/car_door/shock_absorber/luggage_compartment/glove_compartment/bumper_guard/exhaust_system/first_gear/high_gear/rear_window/sunshine-roof/third_gear/air_bag/doorlock/petrol_engine/automobile_trunk/auto_accessory/inlet_manifold/horn_button/running_board/stabilizer_bar/motor_horn/exhaust_manifold/exhaust_pipe/radiator_grille/low_gear/flexible_joint/head_restraint/hood_ornament/exhaust_valve/car_mirror/gas_pedal/seat_belt/reverse_gear/car_horn/car_window/suspension_system
castle donjon/tower/turret/gate/dungeon/moat/keep/great_hall
cat whiskers/coat/paw/paws/fur/eyes/back/claws/tail/teeth
chair seat/armrest/headrest/armrests/rest/pad/back/leg/backrest/legs
church altar/choir/vestry/transept/apse/sanctuary/rood/screen/bema/nave/tower/sacristy/corner/chancel/amen/chapel/apsis/side/narthex/presbytery/side_chapel/lady_chapel/church_tower/rood_screen/amen_corner
comb teeth/shaft/grip/tooth/handle
day hour/forenoon/eventide/nanosecond/noonday/femtosecond/hr/minutes/microsecond/msec/time/midnight/sec/nighttime/min/morning/noon/evening/dark/picosecond/daytime/minute/daylight/s/high/even/quarter/morn/noontide/second/afternoon/twelve/millisecond/midday/midafternoon/attosecond/night/morning_time/high_noon/half-hour/twelve_noon/late-night_hour/early-morning_hour/lights-out/60_minutes/small_hours/30_minutes/15_minutes/quarter-hour
deer antler/antlers/withers/flag/scut
dollar cent
door hinge/keyhole/threshold/doorframe/bolt/deadbolt/doorjamb/tumbler/doorpost/doorstep/doorcase/case/lock/casing/doorsill
dress sleeve/slide/plastron/zip/zipper/fastener/hemline/bodice/neckline/waistline/belt/slide_fastener/zip_fastener
filename extension/name
flower petal/leaf/anther/style/perianth/placenta/stamen/pistil/ovary/corolla/carpel/envelope/sepal/calyx/stigma/chlamys/petals/corona/perigonium/perigone/flower_petal/floral_leaf/floral_envelope/gynostegium
gigabit megabit/kbit/kb/kilobit/mb/mbit
gramm milligram/mg/grain/milligram/mcg/carat/microgram/ng/dg/decigram/nanogram/metric_grain/obolus
guitar string/deck/pegs/fret/strings/frets/peg/fingerboard
gun trigger/holder/safety/extractor/clip/magazine/barrel/hammer/viewfinder/gunsight/stock/cartridge/remover/chamber/ejector/cock/catch/finder/mechanism/gunstock/lock/action/muzzle/key/gunlock/cartridge_holder/gun_muzzle/gun-sight/action_mechanism/gun_chamber/gun_trigger/firing_mechanism/safety_lock/cartridge_extractor/firing_chamber/cartridge_ejector/view_finder/cartridge_clip/gun_barrel/safety_catch/cartridge_remover
harbor dock/facility/anchorage/landing/docking/dockage/anchorage_ground/docking_facility/landing_place/landing_stage
jail cell/cellblock/guard/police/prison_cell/jail_cell
jewellery bead/stone/wire/beads/gemstone/gem/metal/gold/silver/platina/bead/beads/jewel
litre millilitre/cc/ml/milliliter/cl/dl/deciliter/mil/cubic_centimetre/centiliter/decilitre/cubic_centimeter/centilitre/cubic_millimeter/cubic_millimetre
movie scene/subtitles/footage/credit/episode/shot/sequence/credits/caption
orthography hyphenation/punctuation/punctuation_mark/word_division/spelling
piano keyboard/clavier/loud/hammer/sounding/pedal/sustaining/soft/fingerboard/soundboard/action/board/key/fallboard/piano_action/action_mechanism/damper_block/fall-board/sounding_board/sustaining_pedal/loud_pedal/piano_damper/piano_keyboard/sound_hole/soft_pedal
pie crust/cheese/filling/fruit/apple/berries/glazing/pastry/icing
poem stanza/canto/prosody/rime/line/rhyme/verse/poetic_rhythm/rhythmic_pattern/verse_line/line_of_verse/line_of_poetry
pub bar/barroom/taproom/saloon/ginmill
radio receiver/tuner/radio/demodulator/transmitter/detector/receiving/set/amplifier/wireless/radio_transmitter/receiving_set/radio_receiver/radio_set
railcar suspension/cushion/shock/shock_absorber/suspension_system
seafront harbor/seaport/dock/haven/anchorage/landing/harbour/dockage/anchorage_ground/docking_facility/landing_place/landing_stage
shilling pence
shirt button/dickie/collar/dickey/sleeve/buttons/dicky/pocket/shirttail/shirtsleeve/shirtfront/shirt_button
sonata movement/psrt
staircase step/riser/landing/tread/stair/stairhead
sword blade/forte/hilt/peak/foible/point/pommel/haft/tip/knob/helve/knife_edge/cutting_edge
table tabletop/tableware/leg/legs
teapot spout/handle/knob/lid/body/belly/base/filter/tea_filter
telephone receiver/mouthpiece/dial/wire/screen/display/telephone_receiver
tonne kilogram/mg/gm/hg/grain/milligram/hundredweight/kilo/mcg/dag/carat/microgram/gramme/quintal/ng/gram/dg/g/kg/decigram/nanogram/myriagram/centner/metric_grain/myg/dekagram/decagram/metric_hundredweight/obolus/doppelzentner/hectogram/dkg
torso chest/arse/shoulder/bum/midriff/groin/deltoid/diaphragm/lat/pectoralis/behind/gluteus/middle/stomach/teres/thorax/tush/ab/rump/breastbone/buns/gladiolus/haunch/backside/buttocks/serratus/pectoral/stern/navel/paunch/seat/mediastinum/ass/axilla/back/belly/bottom/omphalos/fundament/acromion/derriere/hindgut/gut/gallbladder/saddle/cheek/waist/butt/bowel/keister/bellybutton/pectus/prat/loins/abdominal/rear/dorsum/posterior/venter/small/abdomen/umbilicus/armpit/waistline/sternum/scapula/glute/manubrium/fanny/side/midsection/pecs/hip/buttock/intestine/breast/can/tail/hindquarters/xiphoid_process/thoracic_vertebra/abdominal_wall/musculus_deltoideus/abdominal_cavity/arteria_circumflexa_scapulae/arteria_glutes/arteria_axillaris/axillary_fossa/arteria_colica/articulatio_humeri/shoulder_joint/gall_bladder/spare_tire/arteria_circumflexa_humeri/serratus_muscles/axillary_artery/gluteus_muscle/love_handle/latissimus_dorsi/pectoral_muscle/tooshie/abdominal_muscle/circumflex_humeral_artery/abdominal_aorta/vena_thoracica/musculus_pectoralis/hypochondrium/area_of_cardiac_dullness/glenoid_cavity/rib_cage/thoracic_aorta/omphalus/circumflex_scapular_artery/acromial_process/shoulder_bone/tail_end/rear_end/gluteal_muscle/inguen/shoulder_blade/rotator_cuff/corpus_sternum/dorsal_vertebra/teres_muscle/thoracic_cavity/axillary_cavity/chest_cavity/deltoid_muscle/belly_button/gluteal_artery/thoracic_vein/glenoid_fossa/nates/colic_artery/lumbar_vertebra/hind_end
tripod leg/stand
typewriter keyboard/typewriter/carriage/tab/ribbon/shift/backspace/action/key/typewriter_carriage/backspace_key/action_mechanism/typewriter_keyboard/shift_key/space_bar/tab_key/typewriter_ribbon/backspacer
window pane/sash/windowpane/window/fastener/glass/frame/case/windowsill/mullion/jamb/lock/casing/sash_lock/window_glass/sash_fastener/pane_of_glass/window_lock/window_sash/window_frame
womb cervix/caul/placenta/oviduct/veil/myometrium/endometrium/uterine_artery/embryonic_membrane/uterine_cervix/uterine_cavity/fallopian_tube/uterine_tube/cervix_uteri/arteria_uterina
: 4_Lexicographic_semantics - L07 [synonyms - intensity]
afraid terrified/horrified/scared/stiff/petrified/fearful/panicky
angry furious/enraged/outraged/aggrivated/irate/seething
ask beg/implore/pray/entreat/supplicate/insist
bad awful/atrocious/abominable/dreadful/painful/terrible/unspeakable
boring tedious/deadening/dull/ho-hum/irksome/tiresome/wearisome
cat lion/tiger/leopard/panther/jaguar
chuckle laugh/guffaw/chortle/guffaw/snicker/snigger/titter/roar
confused lost/bewildered/trapped/desperate
creative ingenious/inventive/demiurgic/deviceful/innovational/innovative/innovatory/original/originative
cry scream/shriek/screech/screeching
damp drenched/dripping/saturated/soaked/soaking/sodden/sopping/soppy/soused/wringing-wet
dinner feast/banquet/fiesta
dislike hate/abhor/detest/loathe/abominate/execrate/contemn/despise/scorn/disdain
doze sleep/slumber
drizzle rain/shower/raifall/deluge
excited agitated/nervous
faith fanatism/fanaticism/zealotry
giggle laugh/guffaw/chortle/guffaw/snicker/snigger/titter/roar
guilty remorseful/sorrowful/unworthy
happy ecstatic/enraptured/rapturous/rapt/rhapsodic
house palace/castle
hungry starving/famished/peckish/ravenous/starved
indulge pamper/spoil/coddle
interesting exciting/exhilarant/exhilarating/exhilarative/eye-popping/inspiring/intoxicating/rousing/stimulating/stirring/arresting/interesting/intriguing/moving/provocative/heady/thrilling
irritate enrage/incense/infuriate/ire/mad/madden/steam/umbrage
jog run/scarper/flee/fly
lake sea/ocean
like love/care/fond/crush/infatuate
love adore/fetishize/idolize/idolise/worship/hero-worship/revere
monkey gorilla
nap sleep/slumber
necessary essential/indispensable/vital/required
opposed averse/antipathetic/antipathetical/indisposed/loath/loth
pain torment/torture/agony
pony horse
poorly afflicted/sick/ill/stricken
rain deluge/shower
sad desparate/despondent/despairing/desponding/forlorn/hopeless/melancholy
sea ocean
snack meal/eat
sniffles pneumonia
soon immediately/promptly/straightaway
strong powerful/forceful/super/potent
tasty delicious/delectable/luscious/pleasant-tasting/scrumptious/toothsome/yummy/mouth-watering/ambrosial/heavenly
tired exhausted/drained
unfortunate tragic/woeful/grievous/wretched/miserable/awful/lamentable/regrettable/desperate/hopeless/disastrous
unhappy miserable/suffering/wretched
want crave/hunger/thirst/starve/lust
warm hot/fiery/flaming/heated/red-hot/sizzling/sensual/sultry/torrid/white-hot
well flourishing/robust/booming/prospering/prosperous/thriving
: 4_Lexicographic_semantics - L08 [synonyms - exact]
airplane aeroplane/plane
auto car/automobile/motorcar
baby infant/babe
bicycle bike/wheel/cycle
child kid/youngster/minor/shaver/nipper/small_fry/tiddler/tike/tyke/fry/nestling
cloth fabric/material/textile
clothes clothing/apparel/dress
confused baffled/befuddled/bemused/bewildered/confounded/lost/mazed/mixed-up
dollars bucks
emphasis accent/accentuaion/importance/stress/significance
father dad/daddy
flower blossom/bloom
harbor seaport/haven/harbour
help aid/assist
hieroglyph hieroglyphic/pictogram
homogeneous uniform/unvarying
honest sincere/ingenuous/true/direct/truthful
identical same/indistinguishable
incorrect wrong/counterfactual/erroneous/inaccurate/specious/unsound/untrue/false
intelligent clever/smart
jewel gem/stone
lad chap/fellow/feller/fella/gent/blighter/cuss/bloke
lady madam/dame/ma'am/gentlewoman/madame/woman
lazy indolent/faineant/otiose/slothful/work-shy
list listing/enumeration
loyal faithful/true/dependable/devoted/reliable
market marketplace/mart/bazaar
mend repair/fix/fixing/fixture/mending/reparation/patch/darn/darning
mesh gauze/netting/veiling/hairnet/reseau/net/save-all/snood/sparker/tulle/wirework/grillwork
monument memorial
mother mom/mommy/mum
murder slaying/slay/execution
new modern/recent
obsolete outdated/out-of-date/superannuated
organized arranged/configured/corporate/incorporated/re-formed/reorganized/reorganised
package parcel/pack/packet/bundle
phone telephone/cell/cellphone/smartphone
portion part/component_part/component/constituent
railway railroad
rational logical/coherent/reasonable/sane
reasonable sensible
rock stone
shore coast/strand/bank/beach/
snake serpent/ophidian
sofa couch/lounge
spouse partner/mate/better_half
style manner/mode/fashion/way
sweets confectionery/dessert/confection
villain scoundrel/rascal
vocabulary lexicon/wordbook/dictionary/glossary
: 4_Lexicographic_semantics - L09 [antonyms - gradable]
able unable/incapable/incompetent/unequal
abundant scarce/rare/tight/meager/meagre/meagerly/stingy/scrimpy/insufficient/deficient
aware unaware/oblivious/unmindful/unconscious/unsuspecting/asleep/insensible/unconscious/unwitting/ignorant/indifferent/oblivious
beautiful ugly/disfigured/evil-looking/fugly/grotesque/monstrous/hideous/repulsive/ill-favored/ill-favoured/scrofulous/unlovely/unpicturesque/unsightly/displeasing/unattractive/awkward
big small/atomic/subatomic/bantam/diminutive/lilliputian/midget/petite/tiny/flyspeck/bitty/bittie/teensy/teentsy/teeny/wee/weeny/weensy/teensy-weensy/teeny-weeny/itty-bitty/itsy-bitsy/dinky/dwarfish/elfin/elflike/gnomish/half-size/infinitesimal/minute/lesser/microscopic/microscopical/micro/miniature/minuscule/miniscule/olive-sized/pocket-size/pocket-sized/pocketable/puny/runty/shrimpy/slender/slim/smaller/littler/smallish/small-scale/undersize/undersized
bright pale/colorless/colourless/dull/neutral/pale/white/bleached/faded/washed-out/washy/drab/somber/sombre/dulled/greyed/etiolate/etiolated/lurid/waxen/waxlike/waxy/whitened
cheap expensive/big-ticket/high-ticket/costly/dear/high-priced/pricey/pricy/dearly-won/overpriced/valuable
clean dirty/soiled/unclean/augean/bedraggled/draggled/befouled/fouled/begrimed/dingy/grimy/grubby/grungy/raunchy/black/smutty/buggy/cobwebby/dirty-faced/feculent/filthy/foul/nasty/flyblown/squalid/sordid/greasy/oily/lousy/maculate/mucky/muddy/ratty/scummy/smudgy/snotty/snot-nosed/sooty/travel-soiled/travel-stained/uncleanly/unswept/unwashed
clear vague/obscure/unclear/undefined/indefinable/undefinable
close distant/remote/removed/far/faraway/
colorful colorless/colourless/dull/neutral/pale/white/bleached/faded/washed-out/washy/drab/somber/sombre/dulled/greyed/etiolate/etiolated/lurid/waxen/waxlike/waxy/whitened
common rare/infrequent/scarce/uncommon/extraordinary
competent incompetent/unskilled/unqualified/inefficient/unqualified/unskilled
concerned unconcerned/blase/blithe/casual/insouciant/nonchalant/degage/detached/uninvolved/indifferent/careless/uninvolved/untroubled
cooked raw/half-baked/fresh/natural/underdone/rare/uncooked/untoasted
dangerous safe/fail-safe/risk-free/riskless/unhazardous/safe-and-sound/unhurt/harmless/invulnerable/secure/uninjured
decisive hesitating/indecisive/hesitant/inconclusive/irresolute
dry wet/bedewed/dewy/besprent/boggy/marshy/miry/mucky/muddy/quaggy/sloppy/sloughy/soggy/squashy/swampy/waterlogged/clammy/dank/damp/dampish/moist/sodden/soppy/drippy/drizzly/humid/misty/muggy/steamy/sticky/reeking/watery/rheumy/showery/rainy/steaming/tacky/undried/washed
energetic lethargic/unergetic/dazed/foggy/groggy/logy/stuporous/dreamy/lackadaisical/languid/languorous/listless/inactive
familiar unfamiliar/strange/unknown/unacquainted/unacquainted/foreign/strange/unknown
fat thin/lean/anorexic/anorectic/bony/cadaverous/emaciated/gaunt/haggard/pinched/skeletal/wasted/deep-eyed/hollow-eyed/sunken-eyed/gangling/gangly/lanky/lank/spindly/rawboned/reedy/reedlike/twiggy/twiglike/scarecrowish/scraggy/boney/scrawny/skinny/underweight/weedy/shriveled/shrivelled/shrunken/withered/wizen/wizened/slender/slight/slim/svelte/slender-waisted/slim-waisted/wasp-waisted/spare/trim/spindle-legged/spindle-shanked/stringy/wiry/wisplike/wispy
full empty/bare/stripped/blank/clean/white/empty-handed/glassy/glazed/lifeless/looted/pillaged/plundered/ransacked/vacant/vacuous/void
gaseous solid/hard/coagulated/solidified/concrete/congealed/jelled/jellied/dry/semisolid/solid-state
generous stingy/beggarly/mean/cheap/chinchy/chintzy/cheeseparing/close/near/penny-pinching/skinny/closefisted/hardfisted/tightfisted/grudging/niggardly/scrimy/mingy/miserly/tight/parsimonious/penurious/selfish/uncharitable/ungenerous/meanspirited
happy sad/bittersweet/doleful/mournful/heavyhearted/melancholy/melancholic/pensive/wistful/tragic/tragical/tragicomic/tragicomical/deplorable/distressing/lamentable/pitiful/sorry
hard soft/mellow/brushed/fleecy/napped/cheeselike/compressible/squeezable/cottony/cushioned/cushiony/padded/demulcent/emollient/salving/softening/downy/downlike/flossy/fluffy/flaccid/flocculent/woolly/wooly/yielding/mushy/overstuffed/softish/semisoft/spongy/squashy/squishy/spongelike/velvet/velvety
hot cold/chilly/frosty/cool/frigid
interesting uninteresting/dull/boring/deadening/ho-hum/irksome/slow/tedious/tiresome/wearisome/insipid/jejune/narcotic/soporiferous/soporific/prosaic/prosy/earthbound/ponderous/putdownable/unexciting/unstimulating
introvert extravert/extrovert/outgoing/extroverted/forthcoming/sociable
large small/little/atomic/subatomic/bantam/diminutive/lilliputian/midget/petite/tiny/flyspeck/bitty/bittie/teensy/teentsy/teeny/wee/weeny/weensy/teensy-weensy/teeny-weeny/itty-bitty/itsy-bitsy/dinky/dwarfish/elfin/elflike/gnomish/half-size/infinitesimal/minute/lesser/microscopic/microscopical/micro/miniature/minuscule/miniscule/olive-sized/pocket-size/pocket-sized/pocketable/puny/runty/shrimpy/slender/slim/smaller/littler/smallish/small-scale/undersize/undersized
long short/abbreviated/shortened/truncated/brief/clipped/fleeting/fugitive/momentaneous/momentary/short_and_sweet/short-dated/short-range/short-run/short-term/abbreviated/brief/close/curtal/sawed-off/sawn-off/shortened/shortish/short-range/short-snouted/snub/stubby/telescoped/truncate/truncated/chunky/dumpy/low-set/squat/squatty/stumpy/compact/heavyset/stocky/thick/thickset/half-length/pint-size/pint-sized/runty/sawed-off/sawn-off/short-stalked/squab/squabby
lumpy flat/level/plane/even/
noisy silent/uncommunicative/dumb/mute/inarticulate/unarticulate
normal abnormal/aberrant/deviant/deviate/anomalous/antidromic/atypical/irregular/brachydactylic/brachydactylous/defective/freakish/kinky/perverted/subnormal/supernormal/vicarious/unusual/exceptional/insane/unnatural
organized unorganized/unstructured/uncoordinated/unformed/unincorporated
pale tanned/bronzed/suntanned/brunet/brunette
rich poor/broke/bust/skint/stone-broke/stony-broke/destitute/impoverished/indigent/necessitous/needy/poverty-stricken/hard_up/impecunious/penniless/penurious/pinched/moneyless/unprovided
sane crazy/loony/looney/nutcase/weirdo/mad/insane
short tall/gangling/gangly/lanky/rangy/height/leggy/long-legged/long-shanked/tall-growing/long/long-stalked/tall-stalked/stately/statuesque/tallish
simple difficult/challenging/hard/complicated/demanding/daunting/taxing
sincere insincere/bootlicking/fawning/obsequious/sycophantic/toadyish/buttery/fulsome/oily/oleaginous/smarmy/soapy/unctuous/dissimulative/false/feigned/gilded/meretricious/specious/hypocritical/plausible/counterfeit/imitative/dishonest/dishonorable/disingenuous/artful/false/unreal
slow fast/quick/accelerated/alacritous/blistering/hot/red-hot/double-quick/express/fast-breaking/fast-paced/fleet/swift/high-speed/high-velocity/hurrying/scurrying/immediate/prompt/quick/straightaway/instantaneous/instant/meteoric/speedy/rapid/winged/windy
sweet sour/acerb/acerbic/astringent/acetose/acetous/vinegary/vinegarish/acidic/acid/acidulent/acidulous/lemony/lemonlike/sourish/tangy/tart/subacid/bitter
tasty tasteless/bland/flat/flavorless/flavourless/insipid/savorless/savourless/vapid/unflavored/unflavoured/nonflavored/nonflavoured/unsalted/unseasoned/unappetizing/unappetising/unpalatable
tight loose/lax/baggy/loose-fitting/sloppy/flyaway/free/liberal/informal/unofficial
warm cool/cold/chilly/frosty/cool/frigid
white black/dark/lightless
wide narrow/constricting/constrictive/narrowing/narrowed/narrow-mouthed/slender/thin/strait/straplike/tapered/tapering/limited
willing unwilling/defiantnoncompliant/involuntary/nonvoluntary/unvoluntary/disinclined/averse/backward/hesitant/indisposed/loath/reluctant/uneager/unwishful
young old/aged/elderly/older/senior/age/aging/ageing/senescent/ancient/anile/centenarian/darkened/doddering/doddery/gaga/senile/emeritus/grey/gray/grey-haired/gray-haired/grey-headed/gray-headed/grizzly/hoar/hoary/white-haired/middle-aged/nonagenarian/octogenarian/oldish/overage/overaged/superannuated/over-the-hill/sexagenarian/venerable/experienced/experient/mature/senior
: 4_Lexicographic_semantics - L10 [antonyms - binary]
after before/earlier/previously
ahead behind/rear/after/tail/beforehand
anterior posterior
backward forward/forwards/frontward/frontwards/forrad/forrard/forth/onward
before after/subsequently/later/afterwards/afterward/ahead
beginning end/terminal/ending/last/final/finish/finale/conclusion
below above/higher/up
climb descend/declivitous/downhill/downward-sloping/degressive/descendant/descendent/down/downward/downward-arching/drizzling/dropping/falling/raining
dead alive/living/live
decrement increment
descend ascend/climb/rise/upward/ascendent/ascendant
dive emerge
down up/above/ahead/lead/leading/aweigh/dormie/dormy/heavenward/skyward/risen/sprouted/upbound/upfield/upward
downslope upslope/ascent
drop lift/pick_up
dynamic static/still/unmoving/unchanging
employ dismiss/fire/sack/displace/terminate
exit entrance/entranceway/entryway/entry/entree
fall rise/upward/climb
first last/end/terminal/ending/final/finish/finale/conclusion
forget remember/retrieve/recall/call_back/call_up/recollect
forward backward/back/backwards/rearward/rearwards
front back/rear/forepart
in out/outer/exterior/outside
inbound outbound
inhale exhale
input output
inside outside/exterior/out
interior exterior/outdoor/out-of-door/outside
internal external/outer/outside
inverse reverse/reversion/reversal/turnabout/turnaround
mortal immortal
occupied vacant/free
off on
out in/inside
outward upward/up/upwards
over under/below/beneath
previously subsequently/later/afterwards/afterward/after/subsequent
proceed retreat/return
rise sink/drop/fall
south north
southeast southwest/northeast
submerge emerge
top bottom/underside/undersurface
toward away/off/forth/aside
true false/incorrect/wrong/mistaken
under over/above/up
up down/downwards/downward/downwardly
uphill downhill/decline/fall/declivitous/downward-sloping
west east
